trans_date_trans_time,cc_num,merchant,category,amt,first,last,gender,street,city,state,zip,lat,long,city_pop,job,dob,trans_num,unix_time,merch_lat,merch_long,is_fraud
21/06/2020 22:06,3560730000000000,fraud_Hamill-D'Amore,health_fitness,24.84,Brooke,Smith,F,63542 Luna Brook Apt. 012,Notrees,TX,79759,31.8599,-102.7413,23,Cytogeneticist,15/09/1969,16bf2e46c54369a8eab2214649506425,1371852399,32.575873,-102.60429,1
21/06/2020 22:32,6564460000000000,"fraud_Rodriguez, Yost and Jenkins",misc_net,780.52,Douglas,Willis,M,619 Jeremy Garden Apt. 681,Benton,WI,53803,42.5545,-90.3508,1306,Public relations officer,10/09/1958,ab4b379d2c0c9c667d46508d4e126d72,1371853942,42.461127,-91.147148,1
21/06/2020 22:37,6564460000000000,fraud_Nienow PLC,entertainment,620.33,Douglas,Willis,M,619 Jeremy Garden Apt. 681,Benton,WI,53803,42.5545,-90.3508,1306,Public relations officer,10/09/1958,47a9987ae81d99f7832a54b29a77bf4b,1371854247,42.771834,-90.158365,1
21/06/2020 22:38,4005680000000000,"fraud_Heathcote, Yost and Kertzmann",shopping_net,1077.69,William,Perry,M,458 Phillips Island Apt. 768,Denham Springs,LA,70726,30.459,-90.9027,71335,Herbalist,31/05/1994,fe956c7e4a253c437c18918bf96f7b62,1371854335,31.204974,-90.261595,1
21/06/2020 23:02,3560730000000000,fraud_Hermann and Sons,shopping_pos,842.65,Brooke,Smith,F,63542 Luna Brook Apt. 012,Notrees,TX,79759,31.8599,-102.7413,23,Cytogeneticist,15/09/1969,f6838c01f5d2262006e6b71d33ba7c6d,1371855736,31.315782,-102.73639,1
21/06/2020 23:16,3524570000000000,fraud_Thompson-Gleason,health_fitness,22.55,Ashley,Cabrera,F,94225 Smith Springs Apt. 617,Vero Beach,FL,32960,27.633,-80.4031,105638,"Librarian, public",07/05/1986,0bac42920027f9b7b3d328bda2709983,1371856572,28.396402,-80.819469,1
21/06/2020 23:21,4005680000000000,fraud_Kuhic LLC,shopping_net,1128.26,William,Perry,M,458 Phillips Island Apt. 768,Denham Springs,LA,70726,30.459,-90.9027,71335,Herbalist,31/05/1994,eb388ceabaf56474808664772b2d5853,1371856904,30.354797,-91.146131,1
21/06/2020 23:35,4005680000000000,"fraud_Reichert, Rowe and Mraz",shopping_net,931.82,William,Perry,M,458 Phillips Island Apt. 768,Denham Springs,LA,70726,30.459,-90.9027,71335,Herbalist,31/05/1994,aff46f2741b3501d32b447f842618666,1371857727,30.761363,-91.7136,1
21/06/2020 23:40,4005680000000000,"fraud_Kihn, Abernathy and Douglas",shopping_net,983,William,Perry,M,458 Phillips Island Apt. 768,Denham Springs,LA,70726,30.459,-90.9027,71335,Herbalist,31/05/1994,8cabf98e58e2b29f7684362fea1f026c,1371858026,29.902451,-91.749089,1
21/06/2020 23:59,6564460000000000,fraud_Lemke-Gutmann,shopping_net,955.16,Douglas,Willis,M,619 Jeremy Garden Apt. 681,Benton,WI,53803,42.5545,-90.3508,1306,Public relations officer,10/09/1958,1799ffe421a2a05dc87903e379140f55,1371859145,43.027879,-90.493768,1
22/06/2020 00:06,4005680000000000,"fraud_Rodriguez, Yost and Jenkins",misc_net,701.81,William,Perry,M,458 Phillips Island Apt. 768,Denham Springs,LA,70726,30.459,-90.9027,71335,Herbalist,31/05/1994,720905fa777ec90291cfd002fd12d67f,1371859600,30.652786,-90.206798,1
22/06/2020 01:18,3524570000000000,"fraud_Yost, Block and Koepp",misc_pos,8.39,Ashley,Cabrera,F,94225 Smith Springs Apt. 617,Vero Beach,FL,32960,27.633,-80.4031,105638,"Librarian, public",07/05/1986,5461e8c92d8b6512c620b2f943ff8ffa,1371863882,27.059901,-80.32383,1
22/06/2020 01:25,4005680000000000,"fraud_Goldner, Kovacek and Abbott",grocery_pos,326.94,William,Perry,M,458 Phillips Island Apt. 768,Denham Springs,LA,70726,30.459,-90.9027,71335,Herbalist,31/05/1994,219c46c355f98b732d9a36818c5b8a88,1371864313,29.784597,-90.671894,1
22/06/2020 01:54,3524570000000000,"fraud_Osinski, Ledner and Leuschke",grocery_pos,353.08,Ashley,Cabrera,F,94225 Smith Springs Apt. 617,Vero Beach,FL,32960,27.633,-80.4031,105638,"Librarian, public",07/05/1986,7220be6f2a92f9c1056d2bcf46c986bd,1371866073,28.256217,-80.914551,1
22/06/2020 03:38,4005680000000000,"fraud_Kerluke, Considine and Macejkovic",misc_net,868.48,William,Perry,M,458 Phillips Island Apt. 768,Denham Springs,LA,70726,30.459,-90.9027,71335,Herbalist,31/05/1994,2316b3d5045b9dcba383d5c27031ea4a,1371872315,30.283263,-90.606406,1
22/06/2020 03:48,3524570000000000,fraud_Skiles-Ankunding,grocery_net,13.25,Ashley,Cabrera,F,94225 Smith Springs Apt. 617,Vero Beach,FL,32960,27.633,-80.4031,105638,"Librarian, public",07/05/1986,d40a602f3d62fc3849bacd25c413952b,1371872900,27.874482,-80.381534,1
22/06/2020 03:55,3524570000000000,fraud_Kuhn LLC,shopping_pos,777.45,Ashley,Cabrera,F,94225 Smith Springs Apt. 617,Vero Beach,FL,32960,27.633,-80.4031,105638,"Librarian, public",07/05/1986,20ffa4abb3d483d9558c33640be75066,1371873336,27.913215,-80.423565,1
22/06/2020 04:58,3524570000000000,fraud_Schumm PLC,shopping_net,967.86,Ashley,Cabrera,F,94225 Smith Springs Apt. 617,Vero Beach,FL,32960,27.633,-80.4031,105638,"Librarian, public",07/05/1986,4ee010ce369915da173469857effcea5,1371877105,28.218323,-80.97967,1
22/06/2020 21:51,4005680000000000,"fraud_Baumbach, Strosin and Nicolas",shopping_pos,825.81,William,Perry,M,458 Phillips Island Apt. 768,Denham Springs,LA,70726,30.459,-90.9027,71335,Herbalist,31/05/1994,d6f6c02b96059201092cab8cef7ceabf,1371937865,29.477134,-90.715715,1
22/06/2020 22:20,3524570000000000,fraud_Shanahan-Lehner,personal_care,21.92,Ashley,Cabrera,F,94225 Smith Springs Apt. 617,Vero Beach,FL,32960,27.633,-80.4031,105638,"Librarian, public",07/05/1986,a965da9bc7daef7f526ce640d5c090ae,1371939613,27.339943,-81.199244,1
22/06/2020 23:08,3524570000000000,"fraud_Haley, Batz and Auer",health_fitness,21.74,Ashley,Cabrera,F,94225 Smith Springs Apt. 617,Vero Beach,FL,32960,27.633,-80.4031,105638,"Librarian, public",07/05/1986,c3a4aa2a2242f932c576d974dae46a34,1371942505,26.782874,-79.428065,1
22/06/2020 23:35,3524570000000000,fraud_Kutch-Wilderman,home,250.32,Ashley,Cabrera,F,94225 Smith Springs Apt. 617,Vero Beach,FL,32960,27.633,-80.4031,105638,"Librarian, public",07/05/1986,217ca81136b86234abecc0ece6358f96,1371944147,27.27806,-79.594618,1
24/06/2020 00:26,180099000000000,fraud_DuBuque LLC,grocery_pos,315.45,Dennis,Davidson,M,08469 Trujillo Forge,Springville,NY,14141,42.52,-78.6847,7728,"Scientist, research (maths)",30/03/1959,6337ebf236753a68a2697295960a30b7,1372033605,42.385601,-79.023729,1
24/06/2020 00:44,180099000000000,"fraud_Huel, Hammes and Witting",grocery_pos,279.78,Dennis,Davidson,M,08469 Trujillo Forge,Springville,NY,14141,42.52,-78.6847,7728,"Scientist, research (maths)",30/03/1959,193eebbe720a3f04ab49e04ec2355902,1372034664,41.898108,-78.397992,1
24/06/2020 02:56,180099000000000,fraud_Murray-Smitham,grocery_pos,287.38,Dennis,Davidson,M,08469 Trujillo Forge,Springville,NY,14141,42.52,-78.6847,7728,"Scientist, research (maths)",30/03/1959,a623c5c05b514e3d56ee333bd5565adc,1372042610,42.012741,-79.204228,1
24/06/2020 03:21,180099000000000,fraud_Heidenreich PLC,grocery_pos,276.4,Dennis,Davidson,M,08469 Trujillo Forge,Springville,NY,14141,42.52,-78.6847,7728,"Scientist, research (maths)",30/03/1959,e1cc0619cfe18299992638e7a19d5b3d,1372044116,43.042593,-79.052508,1
24/06/2020 03:33,180099000000000,fraud_Huels-Hahn,gas_transport,7.82,Dennis,Davidson,M,08469 Trujillo Forge,Springville,NY,14141,42.52,-78.6847,7728,"Scientist, research (maths)",30/03/1959,75ecf87a722ea6a87d1d0dbb72919412,1372044820,41.864069,-79.633384,1
24/06/2020 22:03,180099000000000,fraud_Durgan-Auer,misc_net,790.54,Dennis,Davidson,M,08469 Trujillo Forge,Springville,NY,14141,42.52,-78.6847,7728,"Scientist, research (maths)",30/03/1959,80275a9dbfd3b1a7a5a11bcaa000afab,1372111435,43.22957,-78.451208,1
24/06/2020 22:07,180099000000000,fraud_Bednar Group,misc_net,723.23,Dennis,Davidson,M,08469 Trujillo Forge,Springville,NY,14141,42.52,-78.6847,7728,"Scientist, research (maths)",30/03/1959,16aee906e2a1167ab8c20770a5b7cf79,1372111631,41.673916,-78.922416,1
24/06/2020 22:26,3593120000000000,fraud_Hills-Boyer,personal_care,46.36,Laura,Casey,F,6114 Moran Way,Steuben,ME,4680,44.4971,-67.9503,1131,Make,10/05/1959,75365b9ba05a150f1751934da9b67d9b,1372112786,44.408786,-66.960745,1
24/06/2020 22:30,180099000000000,fraud_Sawayn PLC,shopping_pos,996.31,Dennis,Davidson,M,08469 Trujillo Forge,Springville,NY,14141,42.52,-78.6847,7728,"Scientist, research (maths)",30/03/1959,5b52378eee32883f0dd60e506ac911fd,1372113010,43.110777,-78.685005,1
24/06/2020 23:06,180099000000000,"fraud_Mosciski, Ziemann and Farrell",shopping_net,902.3,Dennis,Davidson,M,08469 Trujillo Forge,Springville,NY,14141,42.52,-78.6847,7728,"Scientist, research (maths)",30/03/1959,6e37d3d1cc9d701679fd3910c20808d6,1372115194,41.940223,-78.541627,1
24/06/2020 23:15,180099000000000,"fraud_Baumbach, Hodkiewicz and Walsh",shopping_pos,741.77,Dennis,Davidson,M,08469 Trujillo Forge,Springville,NY,14141,42.52,-78.6847,7728,"Scientist, research (maths)",30/03/1959,b971b65d32c1d9b36223370bb5744a94,1372115728,43.225233,-77.814218,1
24/06/2020 23:20,3593120000000000,fraud_Terry-Huel,shopping_net,900.77,Laura,Casey,F,6114 Moran Way,Steuben,ME,4680,44.4971,-67.9503,1131,Make,10/05/1959,53252776f86750964b0ab9b922708d15,1372116006,44.971125,-68.909197,1
24/06/2020 23:24,180099000000000,fraud_Pfeffer and Sons,shopping_pos,1047.3,Dennis,Davidson,M,08469 Trujillo Forge,Springville,NY,14141,42.52,-78.6847,7728,"Scientist, research (maths)",30/03/1959,8c171170a9bf40cd94df9c66c3ede970,1372116262,43.217469,-78.336094,1
24/06/2020 23:46,3593120000000000,fraud_Ruecker Group,misc_net,737.99,Laura,Casey,F,6114 Moran Way,Steuben,ME,4680,44.4971,-67.9503,1131,Make,10/05/1959,684959c9c371a7c2407502b86861bd76,1372117615,44.894012,-68.761446,1
24/06/2020 23:54,3593120000000000,fraud_Turcotte-Halvorson,misc_pos,49.18,Laura,Casey,F,6114 Moran Way,Steuben,ME,4680,44.4971,-67.9503,1131,Make,10/05/1959,a113daae572eb0d73af45fbc4fd5cb50,1372118072,45.216686,-67.154141,1
25/06/2020 18:16,3593120000000000,"fraud_Mosciski, Ziemann and Farrell",shopping_net,1046.97,Laura,Casey,F,6114 Moran Way,Steuben,ME,4680,44.4971,-67.9503,1131,Make,10/05/1959,1e28f4d8c246e631eaa939dbb9dfa19a,1372184186,45.05939,-68.335587,1
25/06/2020 22:24,3593120000000000,fraud_Miller-Harris,misc_net,850.82,Laura,Casey,F,6114 Moran Way,Steuben,ME,4680,44.4971,-67.9503,1131,Make,10/05/1959,26b513dd77a2680fab058dd8b113c108,1372199067,44.386233,-68.757723,1
25/06/2020 23:01,3593120000000000,fraud_Goyette Inc,shopping_net,976.48,Laura,Casey,F,6114 Moran Way,Steuben,ME,4680,44.4971,-67.9503,1131,Make,10/05/1959,49a574fd22e8a19f229830c40eda50b2,1372201279,44.955637,-67.503251,1
25/06/2020 23:37,3593120000000000,fraud_Lemke and Sons,travel,4.64,Laura,Casey,F,6114 Moran Way,Steuben,ME,4680,44.4971,-67.9503,1131,Make,10/05/1959,77177e8f49edc26821f92714d1ec7669,1372203439,44.031055,-68.815604,1
25/06/2020 23:48,180099000000000,"fraud_Bahringer, Osinski and Block",food_dining,95.52,Dennis,Davidson,M,08469 Trujillo Forge,Springville,NY,14141,42.52,-78.6847,7728,"Scientist, research (maths)",30/03/1959,4c0e38b525e9490d3ca71b7e0c6de539,1372204117,43.143611,-78.708062,1
26/06/2020 01:35,213161000000000,"fraud_Osinski, Ledner and Leuschke",grocery_pos,297.2,Alyssa,Morgan,F,622 Robin Run Suite 764,Gadsden,AL,35901,34.048,-85.9246,67082,Physiological scientist,09/02/1963,ec0fd69e21b2d1227bdd96d25061c74c,1372210514,33.248204,-85.745045,1
26/06/2020 01:51,213161000000000,fraud_Kilback LLC,grocery_pos,315.72,Alyssa,Morgan,F,622 Robin Run Suite 764,Gadsden,AL,35901,34.048,-85.9246,67082,Physiological scientist,09/02/1963,79f7c82fe50e90466309135ad1b793d9,1372211515,34.843287,-85.800046,1
26/06/2020 05:56,213161000000000,"fraud_Schaefer, Maggio and Daugherty",gas_transport,8.32,Alyssa,Morgan,F,622 Robin Run Suite 764,Gadsden,AL,35901,34.048,-85.9246,67082,Physiological scientist,09/02/1963,01bbbf7a906610fe6f4fd20c7d4ca99a,1372226213,33.27753,-86.362105,1
26/06/2020 09:31,6544730000000000,fraud_Kunze Inc,grocery_pos,309.04,John,Myers,M,701 Wilson Divide,Highland,IN,46322,41.55,-87.4569,23727,Community arts worker,08/02/1982,442a3b75f70a884b86275f9db67f17a5,1372239093,40.821649,-86.546862,1
26/06/2020 16:34,213161000000000,"fraud_Schiller, Blanda and Johnson",home,219.46,Alyssa,Morgan,F,622 Robin Run Suite 764,Gadsden,AL,35901,34.048,-85.9246,67082,Physiological scientist,09/02/1963,d002efc2db8e4a586a955557a3543ac4,1372264446,33.227584,-86.050751,1
26/06/2020 22:08,213161000000000,"fraud_Herman, Treutel and Dickens",misc_net,749.59,Alyssa,Morgan,F,622 Robin Run Suite 764,Gadsden,AL,35901,34.048,-85.9246,67082,Physiological scientist,09/02/1963,decbf2d0117525e5104b9c8bf353dd1c,1372284487,34.483166,-86.335108,1
26/06/2020 22:20,213161000000000,fraud_Heathcote LLC,shopping_net,1129.53,Alyssa,Morgan,F,622 Robin Run Suite 764,Gadsden,AL,35901,34.048,-85.9246,67082,Physiological scientist,09/02/1963,7950c9c41b8854359ef6307ed6d15678,1372285201,34.539133,-86.761941,1
26/06/2020 22:55,213161000000000,fraud_Volkman Ltd,misc_net,844.29,Alyssa,Morgan,F,622 Robin Run Suite 764,Gadsden,AL,35901,34.048,-85.9246,67082,Physiological scientist,09/02/1963,e8cdb55d2b4a6f26f9d999bcd65fead1,1372287304,34.590163,-85.767171,1
26/06/2020 23:18,6544730000000000,fraud_Schumm PLC,shopping_net,949.88,John,Myers,M,701 Wilson Divide,Highland,IN,46322,41.55,-87.4569,23727,Community arts worker,08/02/1982,913d395d3dfc5d93fdf25dc9f7870653,1372288726,41.618135,-87.554747,1
26/06/2020 23:37,6544730000000000,fraud_Boyer PLC,shopping_net,935.06,John,Myers,M,701 Wilson Divide,Highland,IN,46322,41.55,-87.4569,23727,Community arts worker,08/02/1982,9d24c700341ca7aa0e9b3d48fcf4e2b1,1372289865,41.155063,-86.645029,1
26/06/2020 23:38,6544730000000000,fraud_Kerluke-Abshire,shopping_net,1025.61,John,Myers,M,701 Wilson Divide,Highland,IN,46322,41.55,-87.4569,23727,Community arts worker,08/02/1982,92cb4901841afb9c374df14d36dfac38,1372289890,41.802631,-88.389592,1
27/06/2020 00:42,3573390000000000,"fraud_Stroman, Hudson and Erdman",gas_transport,18.25,Stephanie,Murphy,F,526 Stacy Walks,Barnard,SD,57426,45.7205,-98.5534,63,Systems developer,30/10/1969,2e8c9135069fbe6f5aa93a8fa2ac655f,1372293738,44.744951,-98.214561,1
27/06/2020 01:14,6544730000000000,fraud_Koss and Sons,gas_transport,11.82,John,Myers,M,701 Wilson Divide,Highland,IN,46322,41.55,-87.4569,23727,Community arts worker,08/02/1982,bbcd797cf07dcba83d609ee6a5b79f6f,1372295665,41.554511,-87.016728,1
27/06/2020 02:06,6544730000000000,"fraud_Tillman, Fritsch and Schmitt",misc_net,764.71,John,Myers,M,701 Wilson Divide,Highland,IN,46322,41.55,-87.4569,23727,Community arts worker,08/02/1982,edcfe3e9c8859adcb31bba8bdb90286d,1372298809,41.870903,-87.172741,1
27/06/2020 03:48,6544730000000000,fraud_Hackett-Lueilwitz,grocery_pos,294.78,John,Myers,M,701 Wilson Divide,Highland,IN,46322,41.55,-87.4569,23727,Community arts worker,08/02/1982,d5ae7acabb0e7eac640e72d0e5c0528f,1372304915,41.505282,-86.715398,1
27/06/2020 16:14,6544730000000000,fraud_Schumm PLC,shopping_net,917.11,John,Myers,M,701 Wilson Divide,Highland,IN,46322,41.55,-87.4569,23727,Community arts worker,08/02/1982,75c0ae4b4a70b9905579fcb4b612569e,1372349643,40.691289,-87.412344,1
27/06/2020 19:47,3573390000000000,fraud_Volkman Ltd,misc_net,667.17,Stephanie,Murphy,F,526 Stacy Walks,Barnard,SD,57426,45.7205,-98.5534,63,Systems developer,30/10/1969,276495f58de3af46843647fdd00843eb,1372362479,46.0403,-97.71046,1
27/06/2020 22:23,6544730000000000,fraud_Mosciski Group,travel,9.99,John,Myers,M,701 Wilson Divide,Highland,IN,46322,41.55,-87.4569,23727,Community arts worker,08/02/1982,4bfcd98ca90ac23496def4c6a39120db,1372371788,41.104946,-87.261548,1
27/06/2020 22:39,3573390000000000,fraud_Zboncak LLC,food_dining,135.82,Stephanie,Murphy,F,526 Stacy Walks,Barnard,SD,57426,45.7205,-98.5534,63,Systems developer,30/10/1969,c3ba6123277e80c42c5190ddd6867c37,1372372747,45.419993,-97.823968,1
27/06/2020 22:55,3573390000000000,fraud_Spencer PLC,entertainment,614.72,Stephanie,Murphy,F,526 Stacy Walks,Barnard,SD,57426,45.7205,-98.5534,63,Systems developer,30/10/1969,140105375e97c577a1a0d363e4cedcd4,1372373713,44.920705,-99.264799,1
27/06/2020 23:04,213161000000000,"fraud_Towne, Greenholt and Koepp",shopping_net,996.41,Alyssa,Morgan,F,622 Robin Run Suite 764,Gadsden,AL,35901,34.048,-85.9246,67082,Physiological scientist,09/02/1963,3d267ca2d3dfdd0330952d5e751fc11d,1372374251,34.247756,-84.949305,1
27/06/2020 23:07,213161000000000,fraud_Medhurst PLC,shopping_net,895.25,Alyssa,Morgan,F,622 Robin Run Suite 764,Gadsden,AL,35901,34.048,-85.9246,67082,Physiological scientist,09/02/1963,e97bba7a016e370eb4523ef437e3020a,1372374422,33.710897,-85.099656,1
27/06/2020 23:26,213161000000000,fraud_Bashirian Group,shopping_net,1134.41,Alyssa,Morgan,F,622 Robin Run Suite 764,Gadsden,AL,35901,34.048,-85.9246,67082,Physiological scientist,09/02/1963,815353b246f784616181388d7be9000d,1372375602,33.114693,-85.837443,1
28/06/2020 02:01,3581130000000000,fraud_Heidenreich PLC,grocery_pos,314.28,Gregory,Wood,M,622 Robert Summit,Akron,OH,44307,41.0695,-81.5488,272134,Call centre manager,15/03/1964,cc544877174677085ec9ae06d02d2c85,1372384909,40.256607,-81.036006,1
28/06/2020 03:23,3573390000000000,"fraud_Schumm, Bauch and Ondricka",grocery_pos,319.53,Stephanie,Murphy,F,526 Stacy Walks,Barnard,SD,57426,45.7205,-98.5534,63,Systems developer,30/10/1969,75c12eac15ec1bfcfa937d917e5e7cf1,1372389832,45.247843,-98.280882,1
28/06/2020 06:58,3581130000000000,"fraud_Schultz, Simonis and Little",grocery_pos,241.45,Gregory,Wood,M,622 Robert Summit,Akron,OH,44307,41.0695,-81.5488,272134,Call centre manager,15/03/1964,b85e1410861909e7bd3bdd1af343a589,1372402686,40.19583,-81.591419,1
28/06/2020 22:12,3581130000000000,"fraud_Labadie, Treutel and Bode",shopping_net,1159.89,Gregory,Wood,M,622 Robert Summit,Akron,OH,44307,41.0695,-81.5488,272134,Call centre manager,15/03/1964,8a6c3bd7b38794bb2355ee761f5325b5,1372457528,40.763354,-81.317657,1
28/06/2020 22:21,3573390000000000,fraud_Gerlach Inc,shopping_net,1051.14,Stephanie,Murphy,F,526 Stacy Walks,Barnard,SD,57426,45.7205,-98.5534,63,Systems developer,30/10/1969,64e62a158d8caaa54ad30e767fd8cab3,1372458089,46.45845,-98.578936,1
28/06/2020 23:24,3581130000000000,fraud_Fisher-Schowalter,shopping_net,1142.66,Gregory,Wood,M,622 Robert Summit,Akron,OH,44307,41.0695,-81.5488,272134,Call centre manager,15/03/1964,6cc195cdb0c39f3ab5d2b1a5860b86a2,1372461866,41.894724,-81.866035,1
28/06/2020 23:28,3573390000000000,fraud_Miller-Harris,misc_net,777.75,Stephanie,Murphy,F,526 Stacy Walks,Barnard,SD,57426,45.7205,-98.5534,63,Systems developer,30/10/1969,745d3d22bf0b7eb753d2d08899f9666a,1372462104,45.128934,-98.292388,1
28/06/2020 23:48,3581130000000000,"fraud_Heathcote, Yost and Kertzmann",shopping_net,1197.26,Gregory,Wood,M,622 Robert Summit,Akron,OH,44307,41.0695,-81.5488,272134,Call centre manager,15/03/1964,041e573c99f5f86a5110a99a2227d976,1372463331,40.199599,-81.108596,1
29/06/2020 00:15,571844000000,"fraud_Schoen, Kuphal and Nitzsche",grocery_pos,307.26,Susan,Mills,F,005 Cody Estates,Louisville,KY,40202,38.2507,-85.7476,736284,Engineering geologist,02/04/1952,3c07233862b52f7f1956a87a881df970,1372464924,37.582402,-85.696596,1
29/06/2020 01:17,4.7614E+018,fraud_Lemke-Gutmann,shopping_net,969.7,Diana,Jacobs,F,69608 Perez Mountain Apt. 006,Viola,AR,72583,36.3924,-91.9932,1679,Psychiatric nurse,02/05/1986,4afe8724ad1ed51bca2f0d08c9529e3b,1372468623,37.310617,-92.913015,1
29/06/2020 01:29,3581130000000000,"fraud_Goldner, Kovacek and Abbott",grocery_pos,314.73,Gregory,Wood,M,622 Robert Summit,Akron,OH,44307,41.0695,-81.5488,272134,Call centre manager,15/03/1964,cbe1550ef2f98882371a0f8a4c69f9ac,1372469343,40.870022,-81.91135,1
29/06/2020 02:10,4.7614E+018,fraud_Auer-Mosciski,grocery_pos,347.63,Diana,Jacobs,F,69608 Perez Mountain Apt. 006,Viola,AR,72583,36.3924,-91.9932,1679,Psychiatric nurse,02/05/1986,8c4c540bf889c0b690f005edae8ebaec,1372471813,37.370362,-91.874828,1
29/06/2020 02:23,3528230000000000,"fraud_Schultz, Simonis and Little",grocery_pos,342.87,Lauren,Moreno,F,83719 Wilson Shore,Heislerville,NJ,8324,39.224,-74.9942,526,Exercise physiologist,06/09/1940,5b2e5ab411dfd8712bce667fc37487ec,1372472608,39.533647,-75.101612,1
29/06/2020 02:44,571844000000,fraud_Kunze Inc,grocery_pos,291.15,Susan,Mills,F,005 Cody Estates,Louisville,KY,40202,38.2507,-85.7476,736284,Engineering geologist,02/04/1952,d1fee4e236e02808b987557689681670,1372473881,37.790394,-85.506713,1
29/06/2020 03:32,3528230000000000,"fraud_Schultz, Simonis and Little",grocery_pos,326.49,Lauren,Moreno,F,83719 Wilson Shore,Heislerville,NJ,8324,39.224,-74.9942,526,Exercise physiologist,06/09/1940,96fb1e00060b63140d16a3fe25fdc018,1372476721,40.115189,-75.488261,1
29/06/2020 06:55,4.7614E+018,fraud_Gleason-Macejkovic,shopping_net,1071.19,Diana,Jacobs,F,69608 Perez Mountain Apt. 006,Viola,AR,72583,36.3924,-91.9932,1679,Psychiatric nurse,02/05/1986,ea34095276881590a94477b94f1e4ef5,1372488959,36.218266,-91.793638,1
29/06/2020 08:16,571844000000,"fraud_Osinski, Ledner and Leuschke",grocery_pos,344.74,Susan,Mills,F,005 Cody Estates,Louisville,KY,40202,38.2507,-85.7476,736284,Engineering geologist,02/04/1952,29adf16de2a376ca8ac610a8dad5d0dc,1372493800,37.618824,-85.437693,1
29/06/2020 17:44,571844000000,fraud_Wilkinson Ltd,entertainment,443.97,Susan,Mills,F,005 Cody Estates,Louisville,KY,40202,38.2507,-85.7476,736284,Engineering geologist,02/04/1952,1dd7558077da437b22b45843f6d367ed,1372527867,37.737605,-86.051863,1
29/06/2020 22:10,3528230000000000,fraud_Dooley Inc,shopping_pos,854.92,Lauren,Moreno,F,83719 Wilson Shore,Heislerville,NJ,8324,39.224,-74.9942,526,Exercise physiologist,06/09/1940,2be9e43e548dbb483e97a071c175e341,1372543842,38.759631,-74.136925,1
29/06/2020 22:35,4.7614E+018,"fraud_Schiller, Blanda and Johnson",home,342.36,Diana,Jacobs,F,69608 Perez Mountain Apt. 006,Viola,AR,72583,36.3924,-91.9932,1679,Psychiatric nurse,02/05/1986,75523b58f5e36ecf78169790695888a2,1372545358,35.871554,-91.637032,1
29/06/2020 22:43,3528230000000000,fraud_Lockman Ltd,grocery_pos,320.36,Lauren,Moreno,F,83719 Wilson Shore,Heislerville,NJ,8324,39.224,-74.9942,526,Exercise physiologist,06/09/1940,3f34d846a251a3e8231c6a1a107c514d,1372545807,40.013038,-74.902923,1
29/06/2020 23:10,4.7614E+018,fraud_Monahan-Morar,personal_care,21.88,Diana,Jacobs,F,69608 Perez Mountain Apt. 006,Viola,AR,72583,36.3924,-91.9932,1679,Psychiatric nurse,02/05/1986,9bedb0a04a7ae8a83a4f69e3b4b73584,1372547414,37.325467,-91.58335,1
29/06/2020 23:16,30551600000000,fraud_Ankunding-Carroll,travel,8.85,Morgan,Smith,F,1441 Bradley Place,Grover,NC,28073,35.1836,-81.4552,5621,Toxicologist,14/11/1973,4358e65f19b0a0fdc7599ac3a9fb8cc4,1372547773,35.660418,-80.569244,1
29/06/2020 23:28,571844000000,fraud_Sawayn PLC,shopping_pos,888.56,Susan,Mills,F,005 Cody Estates,Louisville,KY,40202,38.2507,-85.7476,736284,Engineering geologist,02/04/1952,e3745021f85a57c9d1a71bab8b24a60e,1372548508,38.033283,-85.154835,1
29/06/2020 23:38,4.7614E+018,fraud_Pacocha-Weissnat,kids_pets,20.53,Diana,Jacobs,F,69608 Perez Mountain Apt. 006,Viola,AR,72583,36.3924,-91.9932,1679,Psychiatric nurse,02/05/1986,c4e3ebb2bca77ccca9b9df8502d90c62,1372549080,36.34707,-92.601754,1
29/06/2020 23:40,571844000000,fraud_Jaskolski-Vandervort,misc_net,878.42,Susan,Mills,F,005 Cody Estates,Louisville,KY,40202,38.2507,-85.7476,736284,Engineering geologist,02/04/1952,44f5d5219fd33b33b24ee4770448d2a9,1372549246,37.68554,-84.893428,1
29/06/2020 23:52,4.7614E+018,fraud_Osinski Inc,personal_care,22.91,Diana,Jacobs,F,69608 Perez Mountain Apt. 006,Viola,AR,72583,36.3924,-91.9932,1679,Psychiatric nurse,02/05/1986,74b721d183db1c513bc156019c60afcc,1372549923,35.459619,-92.066649,1
29/06/2020 23:55,3581130000000000,"fraud_Gottlieb, Considine and Schultz",shopping_net,1004.99,Gregory,Wood,M,622 Robert Summit,Akron,OH,44307,41.0695,-81.5488,272134,Call centre manager,15/03/1964,90883d6aab0c0806b2cf11e35d0ca9e3,1372550116,40.682223,-80.74166,1
29/06/2020 23:55,3581130000000000,fraud_Brown PLC,misc_net,793.07,Gregory,Wood,M,622 Robert Summit,Akron,OH,44307,41.0695,-81.5488,272134,Call centre manager,15/03/1964,a7b0e7daa0740e90defdfb8016a2c5d7,1372550118,41.703644,-80.949957,1
29/06/2020 23:56,3581130000000000,fraud_Jewess LLC,shopping_pos,1013.85,Gregory,Wood,M,622 Robert Summit,Akron,OH,44307,41.0695,-81.5488,272134,Call centre manager,15/03/1964,10741337feb34e8968811157c6493b6c,1372550165,40.166832,-82.007641,1
30/06/2020 00:03,3586010000000000,fraud_Schmitt Inc,gas_transport,9.78,Crystal,Fuller,F,000 Jennifer Mills,Issaquah,WA,98027,47.4974,-122.0107,50489,Osteopath,29/02/1984,82ba6ca203d06e79c6b4acf1bddcc869,1372550636,46.832982,-121.160406,1
30/06/2020 00:16,571844000000,"fraud_Schoen, Kuphal and Nitzsche",grocery_pos,302.75,Susan,Mills,F,005 Cody Estates,Louisville,KY,40202,38.2507,-85.7476,736284,Engineering geologist,02/04/1952,16ded14a96590df73cefe07a030feef8,1372551368,38.526678,-85.630686,1
30/06/2020 00:24,3528230000000000,fraud_Bins-Rice,gas_transport,18.82,Lauren,Moreno,F,83719 Wilson Shore,Heislerville,NJ,8324,39.224,-74.9942,526,Exercise physiologist,06/09/1940,aff7beec1f91f7f1306f7f5109b8a20c,1372551888,39.297454,-74.974855,1
30/06/2020 00:27,571844000000,fraud_Bogisich Inc,grocery_pos,315.39,Susan,Mills,F,005 Cody Estates,Louisville,KY,40202,38.2507,-85.7476,736284,Engineering geologist,02/04/1952,db61932a533ba7ff64a37c40cb90c610,1372552039,37.478147,-86.731721,1
21/06/2020 12:14,2291160000000000,fraud_Kirlin and Sons,personal_care,2.86,Jeff,Elliott,M,351 Darlene Green,Columbia,SC,29209,33.9659,-80.9355,333497,Mechanical engineer,19/03/1968,2da90c7d74bd46a0caf3777415b3ebd3,1371816865,33.986391,-81.200714,0
21/06/2020 12:14,3573030000000000,fraud_Sporer-Keebler,personal_care,29.84,Joanne,Williams,F,3638 Marsh Union,Altonah,UT,84002,40.3207,-110.436,302,"Sales professional, IT",17/01/1990,324cc204407e99f51b0d6ca0055005e7,1371816873,39.450498,-109.960431,0
21/06/2020 12:14,3598220000000000,"fraud_Swaniawski, Nitzsche and Welch",health_fitness,41.28,Ashley,Lopez,F,9333 Valentine Point,Bellmore,NY,11710,40.6729,-73.5365,34496,"Librarian, public",21/10/1970,c81755dbbbea9d5c77f094348a7579be,1371816893,40.49581,-74.196111,0
21/06/2020 12:15,3591920000000000,fraud_Haley Group,misc_pos,60.05,Brian,Williams,M,32941 Krystal Mill Apt. 552,Titusville,FL,32780,28.5697,-80.8191,54767,Set designer,25/07/1987,2159175b9efe66dc301f149d3d5abf8c,1371816915,28.812398,-80.883061,0
21/06/2020 12:15,3526830000000000,fraud_Johnston-Casper,travel,3.19,Nathan,Massey,M,5783 Evan Roads Apt. 465,Falmouth,MI,49632,44.2529,-85.017,1126,Furniture designer,06/07/1955,57ff021bd3f328f8738bb535c302a31b,1371816917,44.959148,-85.884734,0
21/06/2020 12:15,30407700000000,fraud_Daugherty LLC,kids_pets,19.55,Danielle,Evans,F,76752 David Lodge Apt. 064,Breesport,NY,14816,42.1939,-76.7361,520,Psychotherapist,13/10/1991,798db04aaceb4febd084f1a7c404da93,1371816937,41.747157,-77.584197,0
21/06/2020 12:15,213181000000000,fraud_Romaguera Ltd,health_fitness,133.93,Kayla,Sutton,F,010 Weaver Land,Carlotta,CA,95528,40.507,-123.9743,1139,"Therapist, occupational",15/01/1951,17003d7ce534440eadb10c4750e020e5,1371816944,41.499458,-124.888729,0
21/06/2020 12:15,3589290000000000,fraud_Reichel LLC,personal_care,10.37,Paula,Estrada,F,350 Stacy Glens,Spencer,SD,57374,43.7557,-97.5936,343,"Development worker, international aid",05/03/1972,8be473af4f05fc6146ea55ace73e7ca2,1371816950,44.495498,-97.728453,0
21/06/2020 12:16,3596360000000000,"fraud_Goyette, Howell and Collier",shopping_pos,4.37,David,Everett,M,4138 David Fall,Morrisdale,PA,16858,41.0001,-78.2357,3688,Advice worker,27/05/1973,71a1da150d1ce510193d7622e08e784e,1371816970,41.546067,-78.120238,0
21/06/2020 12:16,3546900000000000,fraud_Kilback Group,food_dining,66.54,Kayla,Obrien,F,7921 Robert Port Suite 343,Prairie Hill,TX,76678,31.6591,-96.8094,263,Barrister,30/05/1956,a7915132c7c4240996ba03a47f81e3bd,1371816971,31.782919,-96.366185,0
21/06/2020 12:16,2242540000000000,"fraud_Feil, Hilpert and Koss",food_dining,7.01,Samuel,Jenkins,M,43235 Mckenzie Views Apt. 837,Westport,KY,40077,38.4921,-85.4524,564,Pensions consultant,10/04/1996,3b8e4d02d9e1a3bf97cf449eb0317f2c,1371816980,38.977546,-84.727994,0
21/06/2020 12:16,571465000000,fraud_Gottlieb Group,kids_pets,42.4,Louis,Fisher,M,45654 Hess Rest,Fort Washakie,WY,82514,43.0048,-108.8964,1645,Freight forwarder,26/02/1976,fa3071565d94fb286cb0ed398c6d61d3,1371817007,42.687774,-108.670054,0
21/06/2020 12:17,6593250000000000,fraud_Connelly-Carter,home,2.91,Melissa,Meza,F,244 Abbott Parkway,Loxahatchee,FL,33470,26.7383,-80.276,26551,Paramedic,04/01/1977,a21cb82e7d8fdbf4062f15c9422a4ca6,1371817041,26.07846,-80.569932,0
21/06/2020 12:18,4988300000000,fraud_Bechtelar-Rippin,food_dining,7.93,William,Thompson,M,977 Rita Grove Apt. 000,Rock Tavern,NY,12575,41.4575,-74.1659,2258,Building surveyor,17/03/1937,d0d2b5cca5ae19e0a07dc7ef5d51e59e,1371817107,40.71168,-73.668384,0
21/06/2020 12:18,6011500000000000,fraud_Lubowitz-Walter,kids_pets,2.91,Ashley,Whitney,F,4038 Smith Avenue,Jones,AL,36749,32.5104,-86.8138,1089,Materials engineer,02/11/1971,61dca41a9728ea5fd6db99efd59768f8,1371817117,32.721131,-87.253846,0
21/06/2020 12:18,4570640000000000,"fraud_Welch, Rath and Koepp",entertainment,24.73,Christine,Leblanc,F,5097 Jodi Vista Suite 811,Deltona,FL,32725,28.8989,-81.2473,88735,Commercial horticulturist,09/04/1988,ea11379e8aa1b08d584149d65770faee,1371817121,29.83155,-80.926829,0
21/06/2020 12:18,4.90663E+018,fraud_Hickle Group,shopping_pos,2.33,Charles,Moreno,M,838 Franklin Prairie Apt. 902,Key West,FL,33040,24.6557,-81.3824,32891,Town planner,13/02/1987,00da72495351ce6bd9ecb75d51cca89b,1371817134,24.306325,-81.065169,0
21/06/2020 12:19,4908850000000000,"fraud_Lang, Towne and Schuppe",kids_pets,16.6,Lauren,Torres,F,03030 White Lakes,Grandview,TX,76050,32.2779,-97.2351,5875,"Radiographer, therapeutic",24/07/1992,67288141e8206f6f49706c1cef5b75d3,1371817190,33.182349,-97.919284,0
21/06/2020 12:19,4.86131E+018,fraud_Morissette LLC,entertainment,80.11,Ashley,Cruz,F,65417 Walsh Radial Suite 691,Saint Amant,LA,70774,30.2385,-90.8435,10076,"Surveyor, rural practice",16/12/1977,71bb6ee81f9af4d2a38bf6af2b614708,1371817196,30.44999,-89.930996,0
21/06/2020 12:20,6538440000000000,fraud_Prosacco LLC,personal_care,5.71,Gina,Grimes,F,444 Robert Mews,Clarks Mills,PA,16114,41.3851,-80.1752,606,Energy manager,22/09/1997,2d7640ea4f3bcd520a3c33200c393dd8,1371817213,40.508064,-79.615158,0
21/06/2020 12:20,2283740000000000,fraud_Corwin-Romaguera,travel,8.53,Shannon,Williams,F,9345 Spencer Junctions Suite 183,Alpharetta,GA,30009,34.077,-84.3033,165556,Prison officer,27/12/1997,1650f4f052cc85af7bd417fa17d59ac5,1371817234,33.195225,-84.119083,0
21/06/2020 12:20,4.56E+018,fraud_Gottlieb Group,kids_pets,37.95,Stacy,Villegas,F,20581 Pena Walks,Colorado Springs,CO,80951,38.8881,-104.6556,525713,Museum/gallery exhibitions officer,09/05/1992,b14cd1ccf78a409c664bf071872a4384,1371817242,39.844711,-103.975632,0
21/06/2020 12:20,4562830000000,fraud_Tillman LLC,travel,1.74,Christopher,Johnson,M,28711 Kristine Junction Suite 309,Greenville,OH,45331,40.0987,-84.6342,22930,Media planner,26/11/1971,d8edb8556aad03a15e2d5702948a47fb,1371817257,40.117116,-84.175021,0
21/06/2020 12:21,213153000000000,fraud_Veum-Koelpin,travel,6.02,Rebecca,Conley,F,181 Moreno Light Apt. 215,Tomahawk,WI,54487,45.4963,-89.7273,9594,Seismic interpreter,23/11/1997,79f931ffc97dfe9966cd7d09613fe308,1371817306,45.47444,-89.539774,0
21/06/2020 12:21,372509000000000,"fraud_Watsica, Haag and Considine",shopping_pos,9.87,Kristen,Hanson,F,26544 Andrea Glen,Goodrich,MI,48438,42.9147,-83.4845,6951,Learning disability nurse,18/06/1985,df862b772cfb9ca0d621c259df11a652,1371817307,43.702833,-83.750248,0
21/06/2020 12:23,6011150000000000,fraud_Leannon-Ward,food_dining,47.06,Terri,Bailey,F,508 Erin Mount,Daly City,CA,94015,37.6787,-122.478,107941,"Buyer, industrial",04/10/1991,3dfec697170c9155ba76464e03179724,1371817388,38.048242,-123.12568,0
21/06/2020 12:23,6011920000000000,"fraud_Hintz, Bauch and Smith",health_fitness,1.7,William,Johnson,M,50843 Vincent Mission,South Londonderry,VT,5155,43.1699,-72.8515,828,Scientific laboratory technician,30/08/1957,6c58a441ceeb7dc623316c6a68158d29,1371817389,42.390565,-71.932418,0
21/06/2020 12:23,3577660000000000,fraud_Labadie LLC,personal_care,2.17,Cody,Hooper,M,7233 John Parks,Lepanto,AR,72354,35.6069,-90.3359,2470,Counselling psychologist,06/10/1968,340ad023c64e8b7d2164ca3e53620186,1371817433,36.581541,-89.680517,0
21/06/2020 12:24,3502380000000000,"fraud_Eichmann, Hayes and Treutel",travel,6.21,Kathleen,Martin,F,659 Nicole Cove Suite 560,New Waverly,TX,77358,30.5354,-95.4532,4993,"Scientist, biomedical",30/11/1948,9662b7fede7772f80331fd0abbc7909d,1371817451,31.432355,-95.537859,0
21/06/2020 12:24,180040000000000,fraud_Leffler-Goldner,personal_care,24.44,Mary,Schmidt,F,022 Moore Island,New York City,NY,10162,40.7699,-73.9511,1577385,Audiological scientist,29/12/1957,efbea5fb8c846843c13f224379ba249e,1371817456,40.951475,-74.065226,0
21/06/2020 12:25,379897000000000,fraud_Kautzer and Sons,personal_care,176.23,Frank,Key,M,5537 Jessica Plaza,Pewee Valley,KY,40056,38.3039,-85.4834,3263,Stage manager,28/02/1930,3f5587dd43e45910ba221bc3a4dfdd3f,1371817509,38.585316,-86.108185,0
21/06/2020 12:26,180048000000000,fraud_Ernser-Feest,home,134.39,Mary,Wall,F,2481 Mills Lock,Plainfield,NJ,7060,40.6152,-74.415,71485,Leisure centre manager,19/07/1974,bc7699cb759a26aa5dd58d4124febf8d,1371817570,40.196876,-74.407686,0
21/06/2020 12:26,4302480000000000,"fraud_Zemlak, Tillman and Cremin",personal_care,19.03,Daniel,Cain,M,384 Newman Forks Apt. 370,Belmond,IA,50421,42.8511,-93.62,3032,Community pharmacist,08/08/1964,cd10a7d08e9262899109c06a8e180302,1371817573,42.322809,-94.363655,0
21/06/2020 12:26,180036000000000,fraud_Nienow PLC,entertainment,210.36,Mackenzie,Salazar,F,982 Melissa Lock,Bagley,WI,53801,42.9207,-91.0685,878,Risk analyst,20/11/1974,902facfd912019350d63a3539990638e,1371817583,42.736666,-90.09971,0
21/06/2020 12:26,180065000000000,fraud_Lynch-Wisozk,home,52.81,Krystal,Gamble,F,47152 Clayton Burg,Manchester,MD,21102,39.6747,-76.8941,11751,Clinical research associate,15/02/1964,0ad27a9cf7fcb1e0774a86709cb248f1,1371817585,39.289186,-77.113659,0
21/06/2020 12:26,6517220000000000,"fraud_Feil, Hilpert and Koss",food_dining,82.32,James,Reese,M,26975 Richardson Mills Apt. 402,Sontag,MS,39665,31.6453,-90.1801,1196,"Librarian, academic",11/06/1958,5a13c85ba5d478ee2bed550c6ab71c1e,1371817586,31.422908,-90.012124,0
21/06/2020 12:27,4683520000000000,fraud_Schiller Ltd,personal_care,26.31,Charles,Carrillo,M,17547 Stephen Turnpike Apt. 846,Hawthorne,CA,90250,33.9143,-118.3493,93193,"Editor, magazine features",19/04/1995,e91e10ae4ad160e1aee1054ea96de9ba,1371817628,33.949418,-117.610248,0
21/06/2020 12:27,501899000000,fraud_Hoppe-Parisian,kids_pets,134.6,Jessica,Dominguez,F,06393 Nancy Parkways Suite 855,Gadsden,AL,35903,33.9845,-85.9077,67082,Ceramics designer,08/01/1970,cc3733b9ecedc1a7b0053bd0647cdaaa,1371817642,34.727266,-86.883794,0
21/06/2020 12:27,6011350000000000,fraud_Hoppe-Parisian,kids_pets,36.72,Samuel,Johnston,M,16285 Jessica Lights,Birmingham,AL,35229,33.4629,-86.7904,493806,Musician,12/07/1980,60a92b482a0058d2769c1ab10c55cb25,1371817660,32.761156,-85.903113,0
21/06/2020 12:27,213196000000000,fraud_Brown-Greenholt,entertainment,105.78,Zachary,Allen,M,69252 Oconnor Alley Apt. 153,Ollie,IA,52576,41.2001,-92.1354,568,Commercial horticulturist,24/07/1969,fc72537e1af1f675c8713aa1a36f3c53,1371817674,41.214609,-92.226244,0
21/06/2020 12:28,2712210000000000,fraud_Reilly LLC,home,39.95,Jenna,Brooks,F,50872 Alex Plain Suite 088,Baton Rouge,LA,70808,30.4066,-91.1468,378909,"Designer, furniture",22/02/1977,fb32dada5c853d60e84278eaae707ee2,1371817686,30.382414,-90.923894,0
21/06/2020 12:28,503874000000,"fraud_Moore, Williamson and Emmerich",home,47.81,Andrew,Mcgee,M,4130 Tiffany Glen Apt. 562,San Antonio,TX,78248,29.5894,-98.5201,1595797,Exhibition designer,28/12/1975,4ffb7174155b877c4d18d1d86e71e813,1371817703,30.50995,-99.374201,0
21/06/2020 12:28,676369000000,fraud_Rau-Robel,kids_pets,18.96,David,Wolfe,M,81261 Garcia Underpass Suite 741,Southfield,MI,48034,42.4969,-83.2911,75830,"Engineer, automotive",28/12/1974,14dd61cec0b9be2d29aff70f605964ab,1371817719,42.186473,-84.041557,0
21/06/2020 12:29,4783230000000,"fraud_Fadel, Mertz and Rippin",entertainment,46.67,Jessica,Garcia,F,13108 Jennifer Passage,Mc Cracken,KS,67556,38.5957,-99.554,320,Film/video editor,22/04/1961,822cd909aeb6a351637b5f9ba9866f19,1371817765,39.456658,-99.569786,0
21/06/2020 12:29,375849000000000,fraud_Crona and Sons,kids_pets,30.59,Dale,Smith,M,25036 Contreras Turnpike Suite 270,Purmela,TX,76566,31.4841,-97.9903,258,Web designer,15/12/1943,5f947d9974aca9e08265898e26db1583,1371817767,32.053228,-97.160999,0
21/06/2020 12:29,30270400000000,"fraud_Bahringer, Bergnaum and Quitzon",home,3.94,Lisa,Lin,F,908 Brooks Brook,Lomax,IL,61454,40.6761,-91.0391,725,Environmental consultant,28/11/1972,4326b0d0ee56d328d40269e79a68ea30,1371817770,40.922923,-91.977219,0
21/06/2020 12:29,6011150000000000,"fraud_Koss, Hansen and Lueilwitz",home,84.11,Jeffrey,White,M,8617 Holmes Terrace Suite 651,Tuscarora,MD,21790,39.2667,-77.5101,100,"Production assistant, television",11/12/1979,ce73a1c97d13e160112f3142781300ac,1371817773,39.535382,-77.064747,0
21/06/2020 12:29,4.11027E+018,"fraud_Yost, Schamberger and Windler",kids_pets,31.19,Sandra,Schwartz,F,3789 Mark Walks,Sunflower,MS,38778,33.5567,-90.5451,1686,"Education officer, community",06/11/1986,e7b73a4e22392a7800afdca8c230878f,1371817776,33.693106,-89.594744,0
21/06/2020 12:29,675990000000,"fraud_Armstrong, Walter and Gottlieb",food_dining,4.91,Amanda,Spencer,F,6682 Green Forks,Ogdensburg,NJ,7439,41.0767,-74.5982,2456,Senior tax professional/tax inspector,13/03/1994,def4f0ac7d3e4f02f33462a25632ef6c,1371817786,41.061214,-73.997981,0
21/06/2020 12:29,377027000000000,fraud_Friesen Ltd,health_fitness,5.36,Jackie,Davis,F,1898 Parker Fork Apt. 057,Redford,MO,63665,37.3272,-91.0243,241,Investment analyst,27/10/1974,0920f8e36028f404b48385209a995113,1371817796,38.211238,-90.421871,0
21/06/2020 12:30,6011930000000000,fraud_Champlin and Sons,home,80.5,Joshua,Cohen,M,426 Mark Ports,Brooklin,ME,4616,44.2541,-68.5565,824,"Loss adjuster, chartered",02/11/1974,c64caafcb8aaa4608fdba9f1ab53cbcc,1371817819,44.95902,-69.150254,0
21/06/2020 12:30,3519610000000000,fraud_Bins-Tillman,entertainment,49.57,Audrey,Gonzalez,F,34180 Lopez Plaza,Fields Landing,CA,95537,40.7268,-124.2174,276,"Scientist, audiological",06/05/1929,12ef39ddb0af3a6bea386509d9929a41,1371817819,40.535495,-123.900519,0
21/06/2020 12:30,571465000000,fraud_Douglas-White,entertainment,79.51,Louis,Fisher,M,45654 Hess Rest,Fort Washakie,WY,82514,43.0048,-108.8964,1645,Freight forwarder,26/02/1976,23e2084549f139d3fc1458aa6ebe2c6c,1371817828,43.143727,-109.338705,0
21/06/2020 12:30,6011650000000000,"fraud_Hermiston, Pacocha and Smith",health_fitness,34.17,Kathryn,Smith,F,19838 Tonya Prairie Apt. 947,Rocky Mount,MO,65072,38.2911,-92.7059,1847,Tax inspector,26/10/1988,eda795ae153f71732ca5390ae6b5814f,1371817839,38.420616,-92.942305,0
21/06/2020 12:31,4116550000000000,"fraud_Denesik, Powlowski and Pouros",home,9.75,Bridget,Bowen,F,49120 Regina Island Apt. 170,Port Saint Lucie,FL,34953,27.2625,-80.3793,181438,Primary school teacher,19/03/1934,a2204915943d2fbb1f700042240502b0,1371817879,26.708918,-79.679105,0
21/06/2020 12:31,4.85549E+018,fraud_Nader-Maggio,personal_care,68.88,Jeremy,Roberson,M,25887 Martin Inlet,Graniteville,VT,5654,44.1554,-72.4847,970,Agricultural consultant,29/09/1993,a2dbde4624ee6e24bb9633ce9fcd1672,1371817883,43.760065,-72.192128,0
21/06/2020 12:31,4.59974E+018,"fraud_O'Reilly, Mohr and Purdy",home,30.73,Mary,Myers,F,39787 Pamela Fall Suite 639,Tiptonville,TN,38079,36.3846,-89.4649,5577,Geochemist,30/12/1964,d23a9cc9f255e797022458fc9de3b2ce,1371817892,36.312953,-89.938402,0
21/06/2020 12:32,561943000000,fraud_O'Connell-Ullrich,home,63.27,Melissa,Brown,F,330 Montoya Ramp,Washington,DC,20036,38.9087,-77.0414,601723,Prison officer,14/03/1986,254585bc866b5c091b244515abba49da,1371817955,39.417666,-76.627816,0
21/06/2020 12:32,2227670000000000,fraud_Bauch-Blanda,entertainment,121.46,Angie,Jones,F,6970 Blake Trail,Clearwater,FL,33760,27.9004,-82.7152,172247,"Geneticist, molecular",22/10/1979,1c819bcf6e07bd61322a1e61e8f0c70f,1371817956,27.482301,-83.200829,0
21/06/2020 12:32,2296010000000000,"fraud_Ruecker, Beer and Collier",shopping_net,9.23,Judy,Hogan,F,4970 Michelle Burgs,Brooklyn,NY,11217,40.6816,-73.9798,2504700,Medical sales representative,01/09/1999,6c2b797c1729405a26268c665c4e5c8d,1371817959,41.49385,-74.258146,0
21/06/2020 12:32,36722700000000,fraud_Berge-Hills,kids_pets,8.86,Jessica,Perez,F,8172 Robertson Parkways Suite 072,Superior,AZ,85173,33.2887,-111.0985,2872,Petroleum engineer,28/10/1987,bf6a53e1ba9d726edf1654d0899f533b,1371817970,32.390381,-111.567332,0
21/06/2020 12:32,213157000000000,fraud_White and Sons,home,55.53,Adam,Santos,M,725 Jo Trace Apt. 102,Glendale,CA,91206,34.1556,-118.2322,172817,Advertising account planner,30/07/1982,c97a7d07cc73cb35af508befd2bc452b,1371817971,33.623691,-118.424568,0
21/06/2020 12:33,3567700000000000,fraud_Adams-Barrows,health_fitness,2.61,John,Stevens,M,428 Morgan River,Hudson,NY,12534,42.247,-73.7552,17867,Travel agency manager,29/07/1998,07013b6fac89440c1e8f15428f93b7f4,1371818001,41.502652,-73.721972,0
21/06/2020 12:33,4988300000000,fraud_Crona and Sons,kids_pets,1.93,William,Thompson,M,977 Rita Grove Apt. 000,Rock Tavern,NY,12575,41.4575,-74.1659,2258,Building surveyor,17/03/1937,c86b29ee783636aaceb7687877924f9c,1371818010,40.857733,-73.447974,0
21/06/2020 12:33,213158000000000,fraud_Bauch-Blanda,entertainment,20.03,Tara,Campbell,F,05050 Rogers Well Apt. 439,Rock Springs,WY,82901,41.606,-109.23,27971,Music therapist,01/08/1984,da32ba67b0979adb0c65a60bdb01e64c,1371818011,41.899218,-108.428107,0
21/06/2020 12:33,4509920000000000,fraud_Pouros-Haag,shopping_pos,7.93,Monica,West,F,22084 Smith Roads Suite 776,Hurley,SD,57036,43.2893,-97.1904,811,Neurosurgeon,28/03/1972,3aedf92246758786b01168d5dc5773b5,1371818025,43.795359,-96.833415,0
21/06/2020 12:33,30044300000000,"fraud_Hahn, Bahringer and McLaughlin",personal_care,20.4,Allison,Ayala,F,87665 Karen Mill Apt. 586,Fort Myers,FL,33967,26.4722,-81.8122,224256,Paramedic,29/08/1985,07dba59572da1a0db2cc95a80b002af7,1371818038,26.674733,-82.009233,0
21/06/2020 12:34,3502380000000000,fraud_Ziemann-Waters,health_fitness,181.87,Kathleen,Martin,F,659 Nicole Cove Suite 560,New Waverly,TX,77358,30.5354,-95.4532,4993,"Scientist, biomedical",30/11/1948,a6dd646fb7f598d3545ade098183cbbd,1371818047,31.152375,-95.272196,0
21/06/2020 12:34,4.71083E+018,"fraud_Wuckert, Wintheiser and Friesen",home,30.72,Juan,Henry,M,9795 Lori Island Suite 346,Turner,MT,59542,48.8328,-108.3961,192,Further education lecturer,04/01/1964,18aeb4f97adbab1170c6c1b60b82c228,1371818075,48.456992,-107.518067,0
21/06/2020 12:35,4653880000000000,fraud_Bauch-Blanda,entertainment,129.58,Monica,Tucker,F,302 Christina Islands,Smiths Grove,KY,42171,37.0581,-86.1938,6841,"Therapist, sports",06/06/1999,8ec457ccddf3114213845f9d8ea1759c,1371818155,36.192355,-85.869963,0
21/06/2020 12:35,4.95683E+018,fraud_Bednar PLC,kids_pets,5.13,Kenneth,Robinson,M,269 Sanchez Rapids,Elizabeth,NJ,7208,40.6747,-74.2239,124967,Operational researcher,21/12/1980,049d3ba5ef543bdabfa44b6443f3d20e,1371818155,41.131668,-75.188408,0
21/06/2020 12:36,3590740000000000,fraud_Kihn Inc,shopping_pos,189.99,Kimberly,Gonzalez,F,72966 Shannon Pass Apt. 391,Bauxite,AR,72011,34.5091,-92.4828,4074,"Scientist, audiological",20/12/1975,bb3889edf0a90703cc3e281322e9aef1,1371818177,34.44252,-92.264081,0
21/06/2020 12:37,4755700000000,fraud_Fisher Inc,shopping_net,5.37,Robert,Evans,M,01892 Patricia Vista Apt. 828,Sachse,TX,75048,32.9643,-96.6012,20328,Site engineer,20/06/1985,b75478a228cd12239ac8ec796664c665,1371818223,32.071768,-96.748077,0
21/06/2020 12:37,3542160000000000,fraud_Leffler-Goldner,personal_care,6.04,Bradley,Anderson,M,3896 Gilmore Mill,Emmons,MN,56029,43.5089,-93.4824,744,Communications engineer,28/01/1968,73cca6d94d97e2bb1a0c69d5decea9eb,1371818279,44.388218,-93.400188,0
21/06/2020 12:38,30235000000000,"fraud_Schneider, Hayes and Nikolaus",food_dining,15.49,Matthew,Lambert,M,7188 Melissa Crest Apt. 151,New Holstein,WI,53061,43.9446,-88.0911,5196,Child psychotherapist,22/01/1978,17e947f7909a4423a22a41e9fe912281,1371818284,43.52303,-88.132231,0
21/06/2020 12:38,180043000000000,"fraud_Greenholt, O'Hara and Balistreri",shopping_net,4.94,Charles,Robles,M,3337 Lisa Divide,Saint Petersburg,FL,33710,27.7898,-82.7243,341043,"Engineer, land",28/02/1989,7402f469a73cf016d793d3111306017b,1371818285,28.669762,-82.456744,0
21/06/2020 12:38,4149240000000000,fraud_Gottlieb-Hansen,personal_care,74.52,Tanner,Carroll,M,494 Burke Ports,Cokeburg,PA,15324,40.1008,-80.0652,632,Dealer,08/04/1989,069013b8389f4433e2e47ce227ccacf1,1371818302,40.067362,-80.213927,0
21/06/2020 12:39,3583790000000000,"fraud_Douglas, Schneider and Turner",shopping_pos,4.4,Beth,Lambert,F,6447 Johnson Estates Apt. 986,Roosevelt,OK,73564,34.847,-98.9836,551,Amenity horticulturist,27/09/1970,67d795902f1bdaf4d042abfaa2e37496,1371818350,34.858369,-98.135879,0
21/06/2020 12:39,3575790000000000,"fraud_Gutmann, McLaughlin and Wiza",home,71.68,Lindsay,Wilson,F,7618 Gonzales Mission,Centerview,MO,64019,38.7897,-93.8702,2368,Electronics engineer,17/07/1989,8caf8fcd904f367427bb0f699b8f7453,1371818365,39.485253,-92.983354,0
21/06/2020 12:39,3553630000000000,fraud_Champlin and Sons,home,33.97,Sharon,Johnson,F,7202 Jeffrey Mills,Conway,WA,98238,48.34,-122.3456,85,"Research officer, political party",01/09/1984,c8eebe4d993fde9d6a7cfbec8494bb59,1371818382,49.031436,-122.865744,0
21/06/2020 12:39,375248000000000,fraud_Weber and Sons,food_dining,20.87,Joshua,Mendoza,M,4215 Miranda Field Suite 326,Tallmansville,WV,26237,38.8564,-80.158,571,Accounting technician,16/09/1967,5a5a8db2cf7f2d86fa35114a841092b5,1371818384,38.416893,-79.24534,0
21/06/2020 12:39,4427810000000,fraud_Bednar PLC,kids_pets,19.41,Michelle,Rodriguez,F,1742 Brandon Squares Apt. 461,Ruidoso,NM,88355,33.3305,-105.6933,8874,Licensed conveyancer,16/08/2000,65aef2c6b0d2975569f05afdd8d23377,1371818385,33.775701,-106.03686,0
21/06/2020 12:39,371985000000000,fraud_Bartoletti and Sons,personal_care,21.57,Benjamin,Martin,M,0495 Baker Manors,Oriskany Falls,NY,13425,42.9576,-75.4838,1970,"Programmer, multimedia",09/06/1949,3c01079627483229758e02ea10811e72,1371818389,42.541989,-75.057743,0
21/06/2020 12:39,6011350000000000,fraud_Powlowski-Weimann,food_dining,19.06,Samuel,Johnston,M,16285 Jessica Lights,Birmingham,AL,35229,33.4629,-86.7904,493806,Musician,12/07/1980,e77fc08b8dcf79c20e724fea72946660,1371818394,33.936769,-86.762376,0
21/06/2020 12:39,676276000000,"fraud_Lakin, Ferry and Beatty",food_dining,60.07,Edward,Hensley,M,24318 Dixon Mills,Elk Rapids,MI,49629,44.8955,-85.4082,2223,Chief Financial Officer,18/01/1986,42d03a3e38f7c5aa63cb51a56266e771,1371818396,45.877554,-85.362472,0
21/06/2020 12:40,4173950000000000,fraud_Brown-Greenholt,entertainment,15.8,Stephen,Marshall,M,47144 Roberts Keys,Monmouth Beach,NJ,7750,40.333,-73.9809,3279,Health promotion specialist,05/10/1978,a0d3f84d700dfb8165a63087f824d381,1371818432,41.186828,-74.811464,0
21/06/2020 12:40,6011200000000000,"fraud_Terry, Johns and Bins",misc_pos,2.01,Vincent,Ward,M,06730 Joshua Isle Suite 555,North Brookfield,MA,1535,42.2665,-72.0821,4680,Field seismologist,03/04/1986,8a358086076dd14ded0409aa035d2e6f,1371818433,42.127625,-71.635136,0
21/06/2020 12:40,4.22371E+018,fraud_Thiel-Thiel,entertainment,75.24,Adam,Riddle,M,27718 Mason Bypass,Mount Saint Joseph,OH,45051,39.0965,-84.6431,177,Exhibition designer,30/05/1974,eb52e370f7ed2183cf36ab2f6424c5df,1371818436,39.417127,-84.959324,0
21/06/2020 12:40,675962000000,fraud_Kuhn Group,food_dining,56.3,Christopher,Cummings,M,478 George Course Apt. 056,Sprague,NE,68438,40.6267,-96.7456,142,Chiropodist,24/08/1967,e127320e58b70c069149e3973d0eb45a,1371818445,41.41602,-95.774493,0
21/06/2020 12:41,630426000000,"fraud_Schaefer, Fay and Hilll",entertainment,5.95,Bryan,Miller,M,411 Laurie Fords,Cass,WV,24927,38.388,-79.9906,365,Special effects artist,14/03/1970,5fd8939565a1580d370082d81bbcb1f4,1371818494,38.665727,-80.435349,0
21/06/2020 12:42,4708990000000000,"fraud_Roberts, Ryan and Smith",personal_care,19.73,Jared,Walters,M,3326 Hannah Fords,Cord,AR,72524,35.8184,-91.3375,376,"Designer, ceramics/pottery",08/09/1938,ca1bd51b5324c47c68bed7bbfdd80753,1371818527,34.871462,-91.496576,0
21/06/2020 12:42,30235000000000,fraud_Stiedemann Ltd,food_dining,128.33,Matthew,Lambert,M,7188 Melissa Crest Apt. 151,New Holstein,WI,53061,43.9446,-88.0911,5196,Child psychotherapist,22/01/1978,7f736b6cf6e36cdada7694aeca3daa24,1371818531,43.051363,-87.799946,0
21/06/2020 12:42,377234000000000,fraud_Pacocha-Weissnat,kids_pets,136.16,Theresa,Blackwell,F,43576 Kristina Islands,Shenandoah Junction,WV,25442,39.3716,-77.8229,1925,Systems developer,14/02/1966,0da884d5079ef2919db75faeb328a191,1371818549,39.544819,-76.943965,0
21/06/2020 12:43,4294040000000000,fraud_Homenick LLC,personal_care,16.8,Gail,Weaver,F,979 Stewart Lake,New Ellenton,SC,29809,33.413,-81.69,2206,Biomedical scientist,31/12/1986,1023690403cb70fdd8df519f40fc9d54,1371818587,33.647548,-80.75383,0
21/06/2020 12:43,180018000000000,fraud_Cartwright PLC,kids_pets,113.89,Michelle,Woods,F,952 Joseph Throughway,Munith,MI,49259,42.3703,-84.2485,2523,Geophysicist/field seismologist,21/03/1988,c51cdf622b069ea4e183428de3e94dce,1371818589,42.225874,-83.540129,0
21/06/2020 12:43,6011440000000000,fraud_Pouros-Haag,shopping_pos,37.14,Allison,Allen,F,40624 Rebecca Spurs,De Witt,AR,72042,34.2853,-91.3336,5161,Electrical engineer,08/04/1993,80c507e5c3aba4a8602e46b842f128af,1371818594,35.026522,-90.444442,0
21/06/2020 12:43,5501080000000000,fraud_Kihn-Fritsch,food_dining,16.06,Wayne,Payne,M,587 Bradley Inlet Suite 281,Cuyahoga Falls,OH,44223,41.1464,-81.5107,47772,Equities trader,04/01/1966,04207da612fce9f0093acb23a68c11e7,1371818638,40.312539,-81.654015,0
21/06/2020 12:44,6011100000000000,fraud_Lynch Ltd,shopping_pos,1.01,Valerie,Davis,F,3861 Anderson Ramp Apt. 536,Drakes Branch,VA,23937,36.9688,-78.5615,1970,Energy engineer,02/09/1985,b1376da15c587d540fe1fce58e3f7592,1371818652,37.901707,-79.52365,0
21/06/2020 12:44,374930000000000,fraud_Klein Group,entertainment,6.98,Daniel,Escobar,M,61390 Hayes Port,Romulus,MI,48174,42.2203,-83.3583,31515,Police officer,05/11/1971,ace32c67fb8d3d030fdddad4649c9dae,1371818669,42.964421,-83.670351,0
21/06/2020 12:45,4500000000000,fraud_Quitzon-Goyette,home,31.88,Joseph,Nixon,M,86882 Desiree Camp Suite 047,Tyaskin,MD,21865,38.2833,-75.8465,470,Music tutor,07/04/1965,b0dc912812fad96b08bef19985b47c97,1371818723,38.215956,-75.272334,0
